Ticker,Date_1,Date_2,Feature_1,Feature_2,Feature_3,Feature_4,Feature_5
ZYDUSLIFE.NS,2024-06-30,2025-06-30,Q4_Gross_Profit_Growth_QoQ: -0.01 (this decreased the net income),Q2_Normalized EBITDA: -0.00 (this decreased the net income),Q1_Tax Provision: -0.00 (this decreased the net income),Q4_EBITDA: -0.00 (this decreased the net income),Q1_EBITDA: -0.00 (this decreased the net income)
AARTIIND.NS,2024-06-30,2025-06-30,Q1_Interest Expense: +0.00 (this increased the net income),Q4_Gross_Profit_Growth_QoQ: +0.00 (this increased the net income),Q2_Diluted Average Shares: +0.00 (this increased the net income),Q1_Diluted Average Shares: -0.00 (this decreased the net income),Q2_Normalized EBITDA: -0.00 (this decreased the net income)
ABB.NS,2024-06-30,2025-06-30,Q3_Diluted EPS: +0.01 (this increased the net income),Q4_Diluted EPS: +0.01 (this increased the net income),Q2_Diluted Average Shares: +0.00 (this increased the net income),Q1_Interest Expense: +0.00 (this increased the net income),Q1_Diluted EPS: -0.00 (this decreased the net income)
ABBOTINDIA.BO,2024-06-30,2025-06-30,Q4_Gross_Profit_Growth_QoQ: -0.01 (this decreased the net income),Q3_Diluted EPS: +0.00 (this increased the net income),Q3_EBIT: +0.00 (this increased the net income),Q4_Gross Profit: -0.00 (this decreased the net income),Q2_Diluted Average Shares: +0.00 (this increased the net income)
ACC.NS,2024-06-30,2025-06-30,Q1_Interest Expense: -0.02 (this decreased the net income),Q2_Normalized EBITDA: +0.01 (this increased the net income),Q2_Interest Expense: -0.01 (this decreased the net income),Q4_EBITDA: +0.01 (this increased the net income),Q3_Operating Income: +0.00 (this increased the net income)
ADANIENSOL.NS,2024-06-30,2025-06-30,Q1_Interest Expense: -0.03 (this decreased the net income),Q2_Normalized EBITDA: +0.01 (this increased the net income),Q2_Interest Expense: -0.01 (this decreased the net income),Q4_EBITDA: +0.01 (this increased the net income),Q1_EBITDA: +0.01 (this increased the net income)
ADANIGREEN.NS,2024-06-30,2025-06-30,Q2_Normalized EBITDA: +0.04 (this increased the net income),Q1_EBITDA: +0.03 (this increased the net income),Q1_Tax Provision: +0.02 (this increased the net income),Q2_Operating Income: +0.02 (this increased the net income),Q3_EBITDA: +0.02 (this increased the net income)
ADANIPOWER.NS,2024-06-30,2025-06-30,Q2_Normalized EBITDA: -0.01 (this decreased the net income),Q2_Diluted Average Shares: +0.00 (this increased the net income),Q1_Interest Expense: +0.00 (this increased the net income),Q1_Tax Provision: -0.00 (this decreased the net income),Q1_EBITDA: -0.00 (this decreased the net income)
AFFLE.NS,2024-06-30,2025-06-30,Q2_Normalized EBITDA: -0.00 (this decreased the net income),Q2_Diluted Average Shares: +0.00 (this increased the net income),Q1_Interest Expense: +0.00 (this increased the net income),Q1_Diluted Average Shares: -0.00 (this decreased the net income),Q4_Operating Revenue: +0.00 (this increased the net income)
AIAENG.NS,2024-06-30,2025-06-30,Q2_Gross_Profit_Margin: -0.00 (this decreased the net income),Q2_Normalized EBITDA: -0.00 (this decreased the net income),Q2_Diluted Average Shares: +0.00 (this increased the net income),Q1_Interest Expense: +0.00 (this increased the net income),Q1_Other Non Operating Income Expenses: -0.00 (this decreased the net income)
AJANTPHARM.BO,2024-06-30,2025-06-30,Q2_Normalized EBITDA: -0.00 (this decreased the net income),Q2_Diluted Average Shares: +0.00 (this increased the net income),Q1_EBITDA: -0.00 (this decreased the net income),Q1_Interest Expense: +0.00 (this increased the net income),Q4_EBITDA: -0.00 (this decreased the net income)
AKZOINDIA.NS,2024-06-30,2025-06-30,Q2_Diluted Average Shares: +0.00 (this increased the net income),Q3_Diluted EPS: +0.00 (this increased the net income),Q1_Diluted Average Shares: -0.00 (this decreased the net income),Q1_Interest Expense: +0.00 (this increased the net income),Q2_Gross_Profit_Margin: -0.00 (this decreased the net income)
ALKEM.NS,2024-06-30,2025-06-30,Q2_Normalized EBITDA: -0.01 (this decreased the net income),Q2_Diluted Average Shares: +0.00 (this increased the net income),Q1_EBITDA: -0.00 (this decreased the net income),Q1_Tax Provision: -0.00 (this decreased the net income),Q1_Interest Expense: +0.00 (this increased the net income)
ALKYLAMINE.NS,2024-06-30,2025-06-30,Q2_Normalized EBITDA: -0.00 (this decreased the net income),Q2_Gross_Profit_Margin: +0.00 (this increased the net income),Q2_Diluted Average Shares: +0.00 (this increased the net income),Q1_Gross_Profit_Margin: -0.00 (this decreased the net income),Q1_EBITDA: -0.00 (this decreased the net income)
AMBER.NS,2024-06-30,2025-06-30,Q4_Reconciled Depreciation: +0.01 (this increased the net income),Q3_EBIT: +0.01 (this increased the net income),Q2_Diluted Average Shares: -0.01 (this decreased the net income),Q4_EBITDA: +0.01 (this increased the net income),Q2_Gross Profit: +0.01 (this increased the net income)
AMBUJACEM.NS,2024-06-30,2025-06-30,Q2_Gross_Profit_Margin: +0.01 (this increased the net income),Q2_Normalized EBITDA: -0.00 (this decreased the net income),Q4_Gross_Profit_Growth_QoQ: -0.00 (this decreased the net income),Q1_Gross_Profit_Margin: -0.00 (this decreased the net income),Q3_Gross_Profit_Margin: -0.00 (this decreased the net income)
APLAPOLLO.NS,2024-06-30,2025-06-30,Q2_Diluted Average Shares: +0.00 (this increased the net income),Q1_Diluted Average Shares: -0.00 (this decreased the net income),Q4_Gross Profit: +0.00 (this increased the net income),Q2_Total Revenue: +0.00 (this increased the net income),Q3_Normalized EBITDA: -0.00 (this decreased the net income)
APOLLOHOSP.NS,2024-06-30,2025-06-30,Q2_Total Revenue: +0.00 (this increased the net income),Q4_Reconciled Depreciation: +0.00 (this increased the net income),Q4_Operating Revenue: -0.00 (this decreased the net income),Q3_Operating Revenue: +0.00 (this increased the net income),Q4_Gross Profit: +0.00 (this increased the net income)
APOLLOTYRE.NS,2024-06-30,2025-06-30,Q2_Diluted Average Shares: -0.02 (this decreased the net income),Q1_Interest Expense: -0.02 (this decreased the net income),Q1_Diluted Average Shares: +0.01 (this increased the net income),Q2_Normalized EBITDA: +0.01 (this increased the net income),Q4_Interest Expense: +0.01 (this increased the net income)
ASHOKLEY.NS,2024-06-30,2025-06-30,Q1_Tax Provision: +0.01 (this increased the net income),Q3_EBIT: +0.00 (this increased the net income),Q2_Normalized EBITDA: +0.00 (this increased the net income),Q1_EBITDA: +0.00 (this increased the net income),Q2_Total Revenue: +0.00 (this increased the net income)
ASIANPAINT.NS,2024-06-30,2025-06-30,Q1_Net_Profit_Margin: +0.01 (this increased the net income),Q2_Normalized EBITDA: -0.00 (this decreased the net income),Q2_Gross_Profit_Margin: -0.00 (this decreased the net income),Q4_EBITDA: -0.00 (this decreased the net income),Q1_EBITDA: -0.00 (this decreased the net income)
ASTERDM.NS,2024-06-30,2025-06-30,Q2_Normalized EBITDA: -0.00 (this decreased the net income),Q1_EBITDA: -0.00 (this decreased the net income),Q1_Interest Expense: +0.00 (this increased the net income),Q2_Diluted Average Shares: +0.00 (this increased the net income),Q3_EBITDA: -0.00 (this decreased the net income)
ASTRAL.NS,2024-06-30,2025-06-30,Q2_Normalized EBITDA: -0.00 (this decreased the net income),Q3_EBITDA: -0.00 (this decreased the net income),Q1_EBITDA: -0.00 (this decreased the net income),Q4_EBITDA: -0.00 (this decreased the net income),Q1_Interest Expense: +0.00 (this increased the net income)
ATGL.NS,2024-06-30,2025-06-30,Q2_Normalized EBITDA: -0.00 (this decreased the net income),Q2_Diluted Average Shares: +0.00 (this increased the net income),Q1_Interest Expense: +0.00 (this increased the net income),Q1_EBITDA: -0.00 (this decreased the net income),Q1_Tax Provision: -0.00 (this decreased the net income)
ATUL.NS,2024-06-30,2025-06-30,Q1_Tax Provision: +0.01 (this increased the net income),Q2_Normalized EBITDA: +0.01 (this increased the net income),Q2_Operating Income: +0.00 (this increased the net income),Q4_EBITDA: +0.00 (this increased the net income),Q1_EBITDA: +0.00 (this increased the net income)
AUROPHARMA.NS,2024-06-30,2025-06-30,Q1_Tax Provision: +0.01 (this increased the net income),Q2_Operating Income: +0.01 (this increased the net income),Q2_Normalized EBITDA: +0.01 (this increased the net income),Q3_Operating Income: +0.01 (this increased the net income),Q3_EBIT: +0.01 (this increased the net income)
BAJAJ-AUTO.NS,2024-06-30,2025-06-30,Q2_Diluted Average Shares: +0.00 (this increased the net income),Q1_Interest Expense: +0.00 (this increased the net income),Q1_Diluted Average Shares: -0.00 (this decreased the net income),Q2_Normalized EBITDA: -0.00 (this decreased the net income),Q4_Operating Revenue: +0.00 (this increased the net income)
BALKRISIND.NS,2024-06-30,2025-06-30,Q2_Gross_Profit_Margin: +0.01 (this increased the net income),Q2_Normalized EBITDA: -0.00 (this decreased the net income),Q2_Diluted Average Shares: +0.00 (this increased the net income),Q4_EBITDA: -0.00 (this decreased the net income),Q1_Interest Expense: +0.00 (this increased the net income)
BASF.NS,2024-06-30,2025-06-30,Q2_Normalized EBITDA: -0.00 (this decreased the net income),Q2_Diluted Average Shares: +0.00 (this increased the net income),Q4_EBITDA: -0.00 (this decreased the net income),Q1_Tax Provision: -0.00 (this decreased the net income),Q3_EBIT: -0.00 (this decreased the net income)
BATAINDIA.NS,2024-06-30,2025-06-30,Q2_Normalized EBITDA: -0.00 (this decreased the net income),Q2_Diluted Average Shares: +0.00 (this increased the net income),Q1_Interest Expense: +0.00 (this increased the net income),Q4_EBITDA: -0.00 (this decreased the net income),Q3_EBIT: -0.00 (this decreased the net income)
BAYERCROP.NS,2024-06-30,2025-06-30,Q1_Expense_Ratio: +0.01 (this increased the net income),Q4_Gross_Profit_Growth_QoQ: +0.01 (this increased the net income),Q2_Normalized EBITDA: -0.00 (this decreased the net income),Q1_EBITDA: -0.00 (this decreased the net income),Q1_Tax Provision: -0.00 (this decreased the net income)
BDL.NS,2024-06-30,2025-06-30,Q2_Diluted Average Shares: -0.02 (this decreased the net income),Q1_Diluted Average Shares: +0.02 (this increased the net income),Q3_Diluted Average Shares: -0.01 (this decreased the net income),Q4_EBITDA: +0.01 (this increased the net income),Q4_Normalized EBITDA: +0.01 (this increased the net income)
BEL.NS,2024-06-30,2025-06-30,Q2_Normalized EBITDA: -0.01 (this decreased the net income),Q4_Gross_Profit_Growth_QoQ: +0.00 (this increased the net income),Q4_Net_Income_Growth_QoQ: -0.00 (this decreased the net income),Q1_EBITDA: -0.00 (this decreased the net income),Q2_Diluted Average Shares: +0.00 (this increased the net income)
BEML.NS,2024-06-30,2025-06-30,Q1_Interest Expense: +0.00 (this increased the net income),Q2_Normalized EBITDA: -0.00 (this decreased the net income),Q3_EBITDA: -0.00 (this decreased the net income),Q4_EBITDA: -0.00 (this decreased the net income),Q1_EBITDA: -0.00 (this decreased the net income)
BERGEPAINT.NS,2024-06-30,2025-06-30,Q4_Gross_Profit_Growth_QoQ: -0.00 (this decreased the net income),Q2_Diluted Average Shares: +0.00 (this increased the net income),Q1_Diluted Average Shares: -0.00 (this decreased the net income),Q3_EBITDA: -0.00 (this decreased the net income),Q1_EBITDA: -0.00 (this decreased the net income)
BHARATFORG.NS,2024-06-30,2025-06-30,Q2_Diluted Average Shares: -0.01 (this decreased the net income),Q1_Diluted Average Shares: +0.01 (this increased the net income),Q1_Tax Provision: -0.01 (this decreased the net income),Q1_EBITDA: -0.00 (this decreased the net income),Q2_Normalized EBITDA: -0.00 (this decreased the net income)
BHEL.NS,2024-06-30,2025-06-30,Q2_Normalized EBITDA: -0.01 (this decreased the net income),Q4_EBITDA: -0.00 (this decreased the net income),Q1_EBITDA: -0.00 (this decreased the net income),Q1_Tax Provision: -0.00 (this decreased the net income),Q3_EBITDA: -0.00 (this decreased the net income)
BIKAJI.NS,2024-06-30,2025-06-30,Q1_Other Non Operating Income Expenses: +0.01 (this increased the net income),Q4_Net_Income_Growth_QoQ: -0.01 (this decreased the net income),Q1_EBITDA: +0.00 (this increased the net income),Q1_Interest Expense: -0.00 (this decreased the net income),Q1_Tax Provision: +0.00 (this increased the net income)
BIOCON.NS,2024-06-30,2025-06-30,Q4_Gross_Profit_Growth_QoQ: +0.01 (this increased the net income),Q2_Normalized EBITDA: -0.00 (this decreased the net income),Q2_Diluted Average Shares: +0.00 (this increased the net income),Q1_Tax Provision: -0.00 (this decreased the net income),Q4_Net_Income_Growth_QoQ: -0.00 (this decreased the net income)
BIRLACORPN.NS,2024-06-30,2025-06-30,Q2_Normalized EBITDA: -0.00 (this decreased the net income),Q2_Diluted Average Shares: +0.00 (this increased the net income),Q2_Gross_Profit_Margin: +0.00 (this increased the net income),Q1_Interest Expense: +0.00 (this increased the net income),Q1_EBITDA: -0.00 (this decreased the net income)
BLUESTARCO.NS,2024-06-30,2025-06-30,Q4_Diluted EPS: +0.02 (this increased the net income),Q3_Diluted EPS: +0.01 (this increased the net income),Q2_Diluted Average Shares: +0.00 (this increased the net income),Q1_Interest Expense: +0.00 (this increased the net income),Q1_Diluted EPS: -0.00 (this decreased the net income)
BOSCHLTD.NS,2024-06-30,2025-06-30,Q2_Normalized EBITDA: -0.00 (this decreased the net income),Q1_Tax Provision: -0.00 (this decreased the net income),Q2_Diluted Average Shares: +0.00 (this increased the net income),Q2_Total Revenue: -0.00 (this decreased the net income),Q1_EBITDA: -0.00 (this decreased the net income)
BRIGADE.NS,2024-06-30,2025-06-30,Q2_Diluted Average Shares: +0.00 (this increased the net income),Q1_Interest Expense: +0.00 (this increased the net income),Q1_Diluted Average Shares: -0.00 (this decreased the net income),Q3_Normalized EBITDA: -0.00 (this decreased the net income),Q2_Gross_Profit_Margin: +0.00 (this increased the net income)
BRITANNIA.NS,2024-06-30,2025-06-30,Q4_Gross_Profit_Growth_QoQ: -0.01 (this decreased the net income),Q2_Normalized EBITDA: -0.00 (this decreased the net income),Q1_Interest Expense: +0.00 (this increased the net income),Q1_EBITDA: -0.00 (this decreased the net income),Q2_Diluted Average Shares: +0.00 (this increased the net income)
BSOFT.NS,2024-06-30,2025-06-30,Q2_Normalized EBITDA: -0.00 (this decreased the net income),Q1_Interest Expense: +0.00 (this increased the net income),Q2_Diluted Average Shares: +0.00 (this increased the net income),Q1_EBITDA: -0.00 (this decreased the net income),Q4_EBITDA: -0.00 (this decreased the net income)
CARBORUNIV.NS,2024-06-30,2025-06-30,Q2_Diluted Average Shares: +0.00 (this increased the net income),Q2_Normalized EBITDA: -0.00 (this decreased the net income),Q1_Tax Provision: -0.00 (this decreased the net income),Q1_Diluted Average Shares: -0.00 (this decreased the net income),Q3_EBIT: -0.00 (this decreased the net income)
CEATLTD.NS,2024-06-30,2025-06-30,Q2_Normalized EBITDA: -0.01 (this decreased the net income),Q1_EBITDA: -0.00 (this decreased the net income),Q2_Diluted Average Shares: +0.00 (this increased the net income),Q4_EBITDA: -0.00 (this decreased the net income),Q1_Tax Provision: -0.00 (this decreased the net income)
CENTURYPLY.NS,2024-06-30,2025-06-30,Q2_Normalized EBITDA: -0.01 (this decreased the net income),Q2_Diluted Average Shares: +0.00 (this increased the net income),Q1_EBITDA: -0.00 (this decreased the net income),Q4_EBITDA: -0.00 (this decreased the net income),Q1_Tax Provision: -0.00 (this decreased the net income)
CERA.NS,2024-06-30,2025-06-30,Q1_Interest Expense: -0.01 (this decreased the net income),Q1_Other Non Operating Income Expenses: +0.00 (this increased the net income),Q1_Gross_Profit_Margin: -0.00 (this decreased the net income),Q2_Gross_Profit_Margin: +0.00 (this increased the net income),Q2_Diluted Average Shares: -0.00 (this decreased the net income)
CESC.NS,2024-06-30,2025-06-30,Q2_Normalized EBITDA: -0.00 (this decreased the net income),Q1_Interest Expense: +0.00 (this increased the net income),Q2_Diluted Average Shares: -0.00 (this decreased the net income),Q2_Gross_Profit_Margin: +0.00 (this increased the net income),Q1_EBITDA: -0.00 (this decreased the net income)
CGPOWER.NS,2024-06-30,2025-06-30,Q2_Effective_Tax_Rate: +0.01 (this increased the net income),Q2_Normalized EBITDA: -0.00 (this decreased the net income),Q2_Gross_Profit_Margin: -0.00 (this decreased the net income),Q2_Diluted Average Shares: +0.00 (this increased the net income),Q1_EBITDA: -0.00 (this decreased the net income)
CHALET.NS,2024-06-30,2025-06-30,Q2_Normalized EBITDA: +0.01 (this increased the net income),Q1_Tax Provision: +0.01 (this increased the net income),Q2_Operating Income: +0.01 (this increased the net income),Q3_EBIT: +0.01 (this increased the net income),Q3_Operating Income: +0.01 (this increased the net income)
CIPLA.NS,2024-06-30,2025-06-30,Q2_Normalized EBITDA: -0.01 (this decreased the net income),Q1_EBITDA: -0.00 (this decreased the net income),Q1_Tax Provision: -0.00 (this decreased the net income),Q2_Diluted Average Shares: +0.00 (this increased the net income),Q4_EBITDA: -0.00 (this decreased the net income)
CLEAN.NS,2024-06-30,2025-06-30,Q2_Normalized EBITDA: -0.00 (this decreased the net income),Q1_Interest Expense: +0.00 (this increased the net income),Q2_Diluted Average Shares: +0.00 (this increased the net income),Q1_EBITDA: -0.00 (this decreased the net income),Q1_Tax Provision: -0.00 (this decreased the net income)
COFORGE.NS,2024-06-30,2025-06-30,Q1_Interest Expense: +0.00 (this increased the net income),Q2_Diluted Average Shares: +0.00 (this increased the net income),Q2_Gross_Profit_Margin: -0.00 (this decreased the net income),Q1_Diluted Average Shares: -0.00 (this decreased the net income),Q4_Operating Revenue: +0.00 (this increased the net income)
COLPAL.NS,2024-06-30,2025-06-30,Q4_Gross_Profit_Growth_QoQ: -0.03 (this decreased the net income),Q4_Gross Profit: -0.01 (this decreased the net income),Q4_Operating Revenue: +0.01 (this increased the net income),Q2_Gross_Profit_Margin: +0.00 (this increased the net income),Q4_Total Revenue: +0.00 (this increased the net income)
COROMANDEL.NS,2024-06-30,2025-06-30,Q2_Normalized EBITDA: -0.00 (this decreased the net income),Q1_Interest Expense: +0.00 (this increased the net income),Q3_EBITDA: -0.00 (this decreased the net income),Q1_EBITDA: -0.00 (this decreased the net income),Q4_EBITDA: -0.00 (this decreased the net income)
CROMPTON.NS,2024-06-30,2025-06-30,Q1_Interest Expense: +0.00 (this increased the net income),Q2_Diluted Average Shares: +0.00 (this increased the net income),Q2_Gross_Profit_Margin: +0.00 (this increased the net income),Q1_Diluted Average Shares: -0.00 (this decreased the net income),Q4_Reconciled Depreciation: -0.00 (this decreased the net income)
CUMMINSIND.NS,2024-06-30,2025-06-30,Q4_Gross_Profit_Growth_QoQ: +0.00 (this increased the net income),Q2_Normalized EBITDA: -0.00 (this decreased the net income),Q2_Diluted Average Shares: +0.00 (this increased the net income),Q1_Interest Expense: +0.00 (this increased the net income),Q1_Tax Provision: -0.00 (this decreased the net income)
CYIENT.NS,2024-06-30,2025-06-30,Q2_Diluted Average Shares: -0.00 (this decreased the net income),Q1_Interest Expense: +0.00 (this increased the net income),Q1_Diluted Average Shares: +0.00 (this increased the net income),Q4_Gross_Profit_Growth_QoQ: -0.00 (this decreased the net income),Q2_Normalized EBITDA: -0.00 (this decreased the net income)
DABUR.NS,2024-06-30,2025-06-30,Q4_Gross_Profit_Growth_QoQ: -0.01 (this decreased the net income),Q2_Gross_Profit_Margin: -0.00 (this decreased the net income),Q1_Gross_Profit_Margin: +0.00 (this increased the net income),Q2_Diluted Average Shares: +0.00 (this increased the net income),Q1_Expense_Ratio: +0.00 (this increased the net income)
DALBHARAT.NS,2024-06-30,2025-06-30,Q2_Normalized EBITDA: -0.01 (this decreased the net income),Q4_Gross_Profit_Growth_QoQ: +0.00 (this increased the net income),Q1_EBITDA: -0.00 (this decreased the net income),Q2_Diluted Average Shares: +0.00 (this increased the net income),Q1_Tax Provision: -0.00 (this decreased the net income)
DATAMATICS.NS,2024-06-30,2025-06-30,Q4_Gross_Profit_Growth_QoQ: +0.01 (this increased the net income),Q2_Normalized EBITDA: -0.01 (this decreased the net income),Q2_Diluted Average Shares: +0.00 (this increased the net income),Q2_Gross_Profit_Margin: -0.00 (this decreased the net income),Q1_EBITDA: -0.00 (this decreased the net income)
DATAPATTNS.NS,2024-06-30,2025-06-30,Q4_Gross_Profit_Growth_QoQ: -0.01 (this decreased the net income),Q2_Diluted Average Shares: +0.00 (this increased the net income),Q4_Gross Profit: -0.00 (this decreased the net income),Q1_Diluted Average Shares: -0.00 (this decreased the net income),Q4_Operating Revenue: +0.00 (this increased the net income)
DEEPAKFERT.NS,2024-06-30,2025-06-30,Q2_Normalized EBITDA: -0.00 (this decreased the net income),Q2_Diluted Average Shares: +0.00 (this increased the net income),Q1_Interest Expense: +0.00 (this increased the net income),Q1_EBITDA: -0.00 (this decreased the net income),Q3_EBITDA: -0.00 (this decreased the net income)
DEEPAKNTR.NS,2024-06-30,2025-06-30,Q4_Net_Income_Growth_QoQ: -0.01 (this decreased the net income),Q3_Net_Income_Growth_QoQ: +0.01 (this increased the net income),Q2_Normalized EBITDA: -0.00 (this decreased the net income),Q1_Tax Provision: -0.00 (this decreased the net income),Q4_Gross_Profit_Growth_QoQ: -0.00 (this decreased the net income)
DEVYANI.NS,2024-06-30,2025-06-30,Q1_Interest Expense: +0.00 (this increased the net income),Q1_Other Non Operating Income Expenses: -0.00 (this decreased the net income),Q2_Diluted Average Shares: +0.00 (this increased the net income),Q1_Diluted Average Shares: -0.00 (this decreased the net income),Q2_Interest Expense: +0.00 (this increased the net income)
DIVISLAB.NS,2024-06-30,2025-06-30,Q2_Total Revenue: +0.01 (this increased the net income),Q2_Gross_Profit_Margin: +0.01 (this increased the net income),Q2_Cost Of Revenue: +0.00 (this increased the net income),Q4_Operating Revenue: -0.00 (this decreased the net income),Q1_Gross_Profit_Margin: -0.00 (this decreased the net income)
DIXON.NS,2024-06-30,2025-06-30,Q2_Diluted Average Shares: -0.01 (this decreased the net income),Q4_Gross_Profit_Growth_QoQ: +0.01 (this increased the net income),Q2_Tax Provision: +0.01 (this increased the net income),Q1_Diluted Average Shares: +0.00 (this increased the net income),Q3_EBITDA: -0.00 (this decreased the net income)
DLF.NS,2024-06-30,2025-06-30,Q2_Total Revenue: +0.01 (this increased the net income),Q4_Operating Revenue: -0.01 (this decreased the net income),Q3_Operating Revenue: +0.01 (this increased the net income),Q4_Cost Of Revenue: -0.01 (this decreased the net income),Q2_Gross_Profit_Margin: +0.01 (this increased the net income)
DMART.NS,2024-06-30,2025-06-30,Q2_Normalized EBITDA: +0.01 (this increased the net income),Q1_Tax Provision: +0.01 (this increased the net income),Q2_Operating Income: +0.01 (this increased the net income),Q4_EBITDA: +0.01 (this increased the net income),Q3_Operating Income: +0.01 (this increased the net income)
DRREDDY.NS,2024-06-30,2025-06-30,Q2_Normalized EBITDA: -0.00 (this decreased the net income),Q2_Diluted Average Shares: +0.00 (this increased the net income),Q4_Gross_Profit_Growth_QoQ: +0.00 (this increased the net income),Q1_EBITDA: -0.00 (this decreased the net income),Q1_Interest Expense: +0.00 (this increased the net income)
ECLERX.NS,2024-06-30,2025-06-30,Q1_Tax Provision: +0.01 (this increased the net income),Q2_Normalized EBITDA: +0.01 (this increased the net income),Q4_EBITDA: +0.00 (this increased the net income),Q4_EBIT: +0.00 (this increased the net income),Q3_EBIT: +0.00 (this increased the net income)
EICHERMOT.NS,2024-06-30,2025-06-30,Q2_Normalized EBITDA: -0.00 (this decreased the net income),Q1_Interest Expense: +0.00 (this increased the net income),Q1_Tax Provision: -0.00 (this decreased the net income),Q1_EBITDA: -0.00 (this decreased the net income),Q2_Gross_Profit_Margin: -0.00 (this decreased the net income)
EIHOTEL.NS,2024-06-30,2025-06-30,Q2_Normalized EBITDA: -0.00 (this decreased the net income),Q1_Interest Expense: +0.00 (this increased the net income),Q1_Tax Provision: -0.00 (this decreased the net income),Q2_Gross_Profit_Margin: -0.00 (this decreased the net income),Q4_EBITDA: -0.00 (this decreased the net income)
EMAMILTD.NS,2024-06-30,2025-06-30,Q2_Normalized EBITDA: -0.01 (this decreased the net income),Q3_EBITDA: -0.00 (this decreased the net income),Q1_Interest Expense: +0.00 (this increased the net income),Q1_EBITDA: -0.00 (this decreased the net income),Q1_Tax Provision: -0.00 (this decreased the net income)
ENGINERSIN.NS,2024-06-30,2025-06-30,Q2_Normalized EBITDA: -0.00 (this decreased the net income),Q2_Diluted Average Shares: +0.00 (this increased the net income),Q2_Gross_Profit_Margin: -0.00 (this decreased the net income),Q1_Tax Provision: -0.00 (this decreased the net income),Q1_EBITDA: -0.00 (this decreased the net income)
ERIS.NS,2024-06-30,2025-06-30,Q1_Interest Expense: +0.00 (this increased the net income),Q2_Normalized EBITDA: -0.00 (this decreased the net income),Q2_Gross_Profit_Margin: +0.00 (this increased the net income),Q3_EBIT: -0.00 (this decreased the net income),Q1_EBITDA: -0.00 (this decreased the net income)
EXIDEIND.NS,2024-06-30,2025-06-30,Q2_Normalized EBITDA: -0.01 (this decreased the net income),Q1_Interest Expense: +0.00 (this increased the net income),Q4_EBITDA: -0.00 (this decreased the net income),Q2_Gross_Profit_Margin: +0.00 (this increased the net income),Q2_Operating Income: -0.00 (this decreased the net income)
FINPIPE.NS,2024-06-30,2025-06-30,Q2_Normalized EBITDA: -0.00 (this decreased the net income),Q4_EBITDA: -0.00 (this decreased the net income),Q1_Interest Expense: +0.00 (this increased the net income),Q1_EBITDA: -0.00 (this decreased the net income),Q1_Tax Provision: -0.00 (this decreased the net income)
FORTIS.NS,2024-06-30,2025-06-30,Q2_Normalized EBITDA: -0.00 (this decreased the net income),Q1_Tax Provision: -0.00 (this decreased the net income),Q1_EBITDA: -0.00 (this decreased the net income),Q4_Gross_Profit_Growth_QoQ: +0.00 (this increased the net income),Q1_Interest Expense: +0.00 (this increased the net income)
FSL.NS,2024-06-30,2025-06-30,Q4_Operating Revenue: -0.03 (this decreased the net income),Q2_Normalized EBITDA: +0.03 (this increased the net income),Q4_Cost Of Revenue: -0.02 (this decreased the net income),Q1_Tax Provision: +0.02 (this increased the net income),Q1_EBITDA: +0.02 (this increased the net income)
GAIL.NS,2024-06-30,2025-06-30,Q2_Normalized EBITDA: -0.00 (this decreased the net income),Q2_Diluted Average Shares: +0.00 (this increased the net income),Q1_Interest Expense: +0.00 (this increased the net income),Q1_EBITDA: -0.00 (this decreased the net income),Q1_Tax Provision: -0.00 (this decreased the net income)
GILLETTE.NS,2024-06-30,2025-06-30,Q2_Normalized EBITDA: -0.00 (this decreased the net income),Q1_Interest Expense: +0.00 (this increased the net income),Q2_Diluted Average Shares: +0.00 (this increased the net income),Q1_EBITDA: -0.00 (this decreased the net income),Q1_Diluted Average Shares: -0.00 (this decreased the net income)
GLAND.NS,2024-06-30,2025-06-30,Q2_Diluted Average Shares: +0.00 (this increased the net income),Q2_Gross_Profit_Margin: -0.00 (this decreased the net income),Q4_EBITDA: -0.00 (this decreased the net income),Q1_Interest Expense: +0.00 (this increased the net income),Q1_Diluted Average Shares: -0.00 (this decreased the net income)
GLENMARK.NS,2024-06-30,2025-06-30,Q4_Reconciled Depreciation: -0.00 (this decreased the net income),Q3_Normalized EBITDA: -0.00 (this decreased the net income),Q2_Operating Income: +0.00 (this increased the net income),Q1_Interest Expense: +0.00 (this increased the net income),Q1_Tax Provision: +0.00 (this increased the net income)
GODREJCP.NS,2024-06-30,2025-06-30,Q1_Other Non Operating Income Expenses: +0.01 (this increased the net income),Q2_Normalized EBITDA: -0.00 (this decreased the net income),Q2_Diluted Average Shares: +0.00 (this increased the net income),Q2_Operating Income: -0.00 (this decreased the net income),Q1_Interest Expense: +0.00 (this increased the net income)
GODREJPROP.NS,2024-06-30,2025-06-30,Q4_Total Revenue: -0.03 (this decreased the net income),Q4_Reconciled Depreciation: +0.03 (this increased the net income),Q2_Normalized EBITDA: +0.03 (this increased the net income),Q4_Operating Revenue: -0.02 (this decreased the net income),Q2_Total Revenue: +0.02 (this increased the net income)
GRASIM.NS,2024-06-30,2025-06-30,Q2_Normalized EBITDA: -0.01 (this decreased the net income),Q1_EBITDA: -0.00 (this decreased the net income),Q4_EBITDA: -0.00 (this decreased the net income),Q2_Diluted Average Shares: +0.00 (this increased the net income),Q1_Interest Expense: +0.00 (this increased the net income)
GREENPANEL.NS,2024-06-30,2025-06-30,Q2_Normalized EBITDA: -0.01 (this decreased the net income),Q2_Diluted Average Shares: +0.00 (this increased the net income),Q4_EBITDA: -0.00 (this decreased the net income),Q1_Interest Expense: +0.00 (this increased the net income),Q1_EBITDA: -0.00 (this decreased the net income)
GRINDWELL.NS,2024-06-30,2025-06-30,Q4_Gross_Profit_Growth_QoQ: -0.00 (this decreased the net income),Q2_Gross_Profit_Margin: +0.00 (this increased the net income),Q1_Interest Expense: +0.00 (this increased the net income),Q1_Gross_Profit_Margin: -0.00 (this decreased the net income),Q3_Gross_Profit_Margin: -0.00 (this decreased the net income)
GSPL.NS,2024-06-30,2025-06-30,Q4_Gross_Profit_Growth_QoQ: -0.01 (this decreased the net income),Q2_Gross_Profit_Margin: +0.00 (this increased the net income),Q1_Interest Expense: +0.00 (this increased the net income),Q1_Gross_Profit_Margin: -0.00 (this decreased the net income),Q3_Gross_Profit_Margin: -0.00 (this decreased the net income)
GUJGASLTD.NS,2024-06-30,2025-06-30,Q2_Normalized EBITDA: -0.01 (this decreased the net income),Q1_Tax Provision: -0.00 (this decreased the net income),Q2_Diluted Average Shares: +0.00 (this increased the net income),Q4_EBITDA: -0.00 (this decreased the net income),Q4_Gross_Profit_Growth_QoQ: +0.00 (this increased the net income)
HAPPSTMNDS.NS,2024-06-30,2025-06-30,Q1_Interest Expense: +0.00 (this increased the net income),Q2_Normalized EBITDA: -0.00 (this decreased the net income),Q2_Gross_Profit_Margin: +0.00 (this increased the net income),Q3_EBITDA: -0.00 (this decreased the net income),Q1_Gross_Profit_Margin: -0.00 (this decreased the net income)
HAVELLS.NS,2024-06-30,2025-06-30,Q2_Normalized EBITDA: +0.04 (this increased the net income),Q1_Tax Provision: +0.04 (this increased the net income),Q2_Operating Income: +0.03 (this increased the net income),Q1_EBITDA: +0.03 (this increased the net income),Q3_EBITDA: +0.02 (this increased the net income)
HCLTECH.NS,2024-06-30,2025-06-30,Q2_Gross_Profit_Margin: -0.01 (this decreased the net income),Q3_Operating_Margin: -0.00 (this decreased the net income),Q1_Gross_Profit_Margin: +0.00 (this increased the net income),Q3_Gross_Profit_Margin: +0.00 (this increased the net income),Q1_Interest Expense: +0.00 (this increased the net income)
HDFCAMC.NS,2024-06-30,2025-06-30,Q2_Normalized EBITDA: -0.01 (this decreased the net income),Q2_Gross_Profit_Margin: -0.00 (this decreased the net income),Q4_EBITDA: -0.00 (this decreased the net income),Q1_Gross_Profit_Margin: +0.00 (this increased the net income),Q1_Tax Provision: -0.00 (this decreased the net income)
HEIDELBERG.NS,2024-06-30,2025-06-30,Q2_Normalized EBITDA: +0.01 (this increased the net income),Q1_Tax Provision: +0.01 (this increased the net income),Q2_Total Revenue: +0.01 (this increased the net income),Q2_Operating Income: +0.01 (this increased the net income),Q4_Operating Revenue: -0.00 (this decreased the net income)
HEROMOTOCO.NS,2024-06-30,2025-06-30,Q4_Gross_Profit_Growth_QoQ: -0.01 (this decreased the net income),Q3_Gross_Profit_Margin: +0.01 (this increased the net income),Q2_Normalized EBITDA: -0.01 (this decreased the net income),Q1_Gross_Profit_Margin: +0.01 (this increased the net income),Q2_Gross_Profit_Margin: -0.00 (this decreased the net income)
HINDCOPPER.NS,2024-06-30,2025-06-30,Q2_Normalized EBITDA: +0.03 (this increased the net income),Q1_Tax Provision: +0.02 (this increased the net income),Q2_Operating Income: +0.02 (this increased the net income),Q3_EBIT: +0.02 (this increased the net income),Q3_Operating Income: +0.01 (this increased the net income)
HINDUNILVR.NS,2024-06-30,2025-06-30,Q3_Diluted EPS: +0.01 (this increased the net income),Q4_Diluted EPS: +0.01 (this increased the net income),Q2_Normalized EBITDA: -0.00 (this decreased the net income),Q2_Diluted Average Shares: +0.00 (this increased the net income),Q1_EBITDA: -0.00 (this decreased the net income)
HONAUT.NS,2024-06-30,2025-06-30,Q4_Gross_Profit_Growth_QoQ: +0.08 (this increased the net income),Q4_Effective_Tax_Rate: -0.01 (this decreased the net income),Q1_Tax Provision: -0.01 (this decreased the net income),Q2_Normalized EBITDA: -0.01 (this decreased the net income),Q1_EBITDA: -0.00 (this decreased the net income)
IBREALEST.NS,2024-06-30,2025-06-30,Q2_Gross_Profit_Margin: -0.01 (this decreased the net income),Q2_Normalized EBITDA: -0.01 (this decreased the net income),Q1_Gross_Profit_Margin: +0.00 (this increased the net income),Q3_Operating_Margin: -0.00 (this decreased the net income),Q2_EBITDA_Margin: +0.00 (this increased the net income)
IEX.NS,2024-06-30,2025-06-30,Q4_Gross_Profit_Growth_QoQ: -0.01 (this decreased the net income),Q2_Gross_Profit_Margin: +0.00 (this increased the net income),Q1_Interest Expense: +0.00 (this increased the net income),Q2_Diluted Average Shares: -0.00 (this decreased the net income),Q1_Gross_Profit_Margin: -0.00 (this decreased the net income)
IGL.NS,2024-06-30,2025-06-30,Q1_Interest Expense: +0.00 (this increased the net income),Q2_Diluted Average Shares: -0.00 (this decreased the net income),Q2_Normalized EBITDA: -0.00 (this decreased the net income),Q4_Gross_Profit_Growth_QoQ: -0.00 (this decreased the net income),Q2_Gross_Profit_Margin: -0.00 (this decreased the net income)
INDHOTEL.NS,2024-06-30,2025-06-30,Q4_Gross_Profit_Growth_QoQ: -0.01 (this decreased the net income),Q3_Diluted EPS: +0.01 (this increased the net income),Q2_Normalized EBITDA: -0.01 (this decreased the net income),Q1_Expense_Ratio: +0.00 (this increased the net income),Q2_Operating Income: -0.00 (this decreased the net income)
INDIACEM.NS,2024-06-30,2025-06-30,Q2_Normalized EBITDA: -0.01 (this decreased the net income),Q2_Diluted Average Shares: +0.00 (this increased the net income),Q1_Interest Expense: +0.00 (this increased the net income),Q1_EBITDA: -0.00 (this decreased the net income),Q1_Tax Provision: -0.00 (this decreased the net income)
INDIGOPNTS.NS,2024-06-30,2025-06-30,Q2_Diluted Average Shares: -0.01 (this decreased the net income),Q1_Diluted Average Shares: +0.01 (this increased the net income),Q2_Normalized EBITDA: -0.01 (this decreased the net income),Q1_EBITDA: -0.00 (this decreased the net income),Q4_EBITDA: -0.00 (this decreased the net income)
INFY.NS,2024-06-30,2025-06-30,Q2_Normalized EBITDA: -0.00 (this decreased the net income),Q1_Tax Provision: -0.00 (this decreased the net income),Q1_EBITDA: -0.00 (this decreased the net income),Q4_EBITDA: -0.00 (this decreased the net income),Q2_Total Revenue: -0.00 (this decreased the net income)
INOXWIND.NS,2024-06-30,2025-06-30,Q2_Normalized EBITDA: -0.01 (this decreased the net income),Q1_EBITDA: -0.00 (this decreased the net income),Q1_Interest Expense: +0.00 (this increased the net income),Q2_Diluted Average Shares: +0.00 (this increased the net income),Q1_Tax Provision: -0.00 (this decreased the net income)
INTELLECT.NS,2024-06-30,2025-06-30,Q2_Normalized EBITDA: -0.00 (this decreased the net income),Q2_Diluted Average Shares: +0.00 (this increased the net income),Q2_Gross_Profit_Margin: -0.00 (this decreased the net income),Q1_Interest Expense: +0.00 (this increased the net income),Q4_EBITDA: -0.00 (this decreased the net income)
IPCALAB.NS,2024-06-30,2025-06-30,Q3_EBIT: +0.03 (this increased the net income),Q2_Diluted Average Shares: -0.02 (this decreased the net income),Q3_EBITDA: +0.02 (this increased the net income),Q3_Net_Income_Growth_QoQ: -0.02 (this decreased the net income),Q1_Diluted Average Shares: +0.01 (this increased the net income)
IRB.NS,2024-06-30,2025-06-30,Q4_Gross_Profit_Growth_QoQ: -0.01 (this decreased the net income),Q2_Gross_Profit_Margin: +0.01 (this increased the net income),Q1_Gross_Profit_Margin: -0.00 (this decreased the net income),Q2_Normalized EBITDA: -0.00 (this decreased the net income),Q3_Gross_Profit_Margin: -0.00 (this decreased the net income)
IRCON.NS,2024-06-30,2025-06-30,Q2_Normalized EBITDA: +0.06 (this increased the net income),Q1_Tax Provision: +0.04 (this increased the net income),Q3_EBITDA: +0.04 (this increased the net income),Q2_Operating Income: +0.03 (this increased the net income),Q1_EBITDA: +0.03 (this increased the net income)
ITC.NS,2024-06-30,2025-06-30,Q4_Gross_Profit_Growth_QoQ: -0.02 (this decreased the net income),Q4_Operating Expense: -0.01 (this decreased the net income),Q4_Gross Profit: -0.01 (this decreased the net income),Q4_Other Operating Expenses: +0.01 (this increased the net income),Q1_Tax Provision: +0.01 (this increased the net income)
JINDALSTEL.NS,2024-06-30,2025-06-30,Q2_Gross_Profit_Margin: -0.00 (this decreased the net income),Q2_Diluted Average Shares: +0.00 (this increased the net income),Q2_Normalized EBITDA: -0.00 (this decreased the net income),Q1_Gross_Profit_Margin: +0.00 (this increased the net income),Q3_Gross_Profit_Margin: +0.00 (this increased the net income)
JKCEMENT.NS,2024-06-30,2025-06-30,Q2_Diluted Average Shares: -0.03 (this decreased the net income),Q1_Diluted Average Shares: +0.02 (this increased the net income),Q3_Diluted Average Shares: -0.01 (this decreased the net income),Q4_Diluted Average Shares: +0.00 (this increased the net income),Q2_Normalized EBITDA: -0.00 (this decreased the net income)
JPPOWER.NS,2024-06-30,2025-06-30,Q2_Total Revenue: +0.01 (this increased the net income),Q4_Operating Revenue: -0.00 (this decreased the net income),Q2_Gross_Profit_Margin: +0.00 (this increased the net income),Q3_Operating Revenue: +0.00 (this increased the net income),Q4_Cost Of Revenue: -0.00 (this decreased the net income)
JSL.NS,2024-06-30,2025-06-30,Q1_Interest Expense: -0.01 (this decreased the net income),Q2_Normalized EBITDA: +0.01 (this increased the net income),Q2_Operating Income: +0.00 (this increased the net income),Q2_Diluted Average Shares: -0.00 (this decreased the net income),Q4_Interest Expense: +0.00 (this increased the net income)
JSWENERGY.NS,2024-06-30,2025-06-30,Q1_Interest Expense: -0.04 (this decreased the net income),Q2_Normalized EBITDA: +0.03 (this increased the net income),Q1_EBITDA: +0.02 (this increased the net income),Q4_Operating Revenue: -0.02 (this decreased the net income),Q4_Reconciled Depreciation: +0.02 (this increased the net income)
JSWSTEEL.NS,2024-06-30,2025-06-30,Q4_Gross_Profit_Growth_QoQ: -0.00 (this decreased the net income),Q1_Tax Provision: -0.00 (this decreased the net income),Q2_Normalized EBITDA: -0.00 (this decreased the net income),Q3_EBIT: -0.00 (this decreased the net income),Q1_EBITDA: -0.00 (this decreased the net income)
JUBLFOOD.NS,2024-06-30,2025-06-30,Q2_Normalized EBITDA: -0.00 (this decreased the net income),Q2_Diluted Average Shares: +0.00 (this increased the net income),Q4_EBITDA: -0.00 (this decreased the net income),Q1_Interest Expense: +0.00 (this increased the net income),Q1_EBITDA: -0.00 (this decreased the net income)
KAJARIACER.NS,2024-06-30,2025-06-30,Q2_Normalized EBITDA: -0.00 (this decreased the net income),Q1_Interest Expense: +0.00 (this increased the net income),Q4_EBITDA: -0.00 (this decreased the net income),Q2_Gross_Profit_Margin: +0.00 (this increased the net income),Q1_EBITDA: -0.00 (this decreased the net income)
KANSAINER.NS,2024-06-30,2025-06-30,Q2_Gross_Profit_Margin: +0.00 (this increased the net income),Q2_Normalized EBITDA: -0.00 (this decreased the net income),Q1_Tax Provision: -0.00 (this decreased the net income),Q2_Diluted Average Shares: +0.00 (this increased the net income),Q1_Gross_Profit_Margin: -0.00 (this decreased the net income)
KEC.NS,2024-06-30,2025-06-30,Q2_Normalized EBITDA: -0.00 (this decreased the net income),Q2_Gross_Profit_Margin: +0.00 (this increased the net income),Q2_Diluted Average Shares: +0.00 (this increased the net income),Q1_Interest Expense: +0.00 (this increased the net income),Q1_EBITDA: -0.00 (this decreased the net income)
KEI.NS,2024-06-30,2025-06-30,Q2_Normalized EBITDA: -0.00 (this decreased the net income),Q1_Interest Expense: +0.00 (this increased the net income),Q2_Diluted Average Shares: +0.00 (this increased the net income),Q1_EBITDA: -0.00 (this decreased the net income),Q3_EBITDA: -0.00 (this decreased the net income)
KPITTECH.NS,2024-06-30,2025-06-30,Q2_Normalized EBITDA: -0.00 (this decreased the net income),Q2_Diluted Average Shares: +0.00 (this increased the net income),Q1_Interest Expense: +0.00 (this increased the net income),Q1_EBITDA: -0.00 (this decreased the net income),Q1_Tax Provision: -0.00 (this decreased the net income)
LALPATHLAB.NS,2024-06-30,2025-06-30,Q2_Normalized EBITDA: -0.00 (this decreased the net income),Q1_Tax Provision: -0.00 (this decreased the net income),Q1_EBITDA: -0.00 (this decreased the net income),Q3_EBITDA: -0.00 (this decreased the net income),Q2_Operating Income: -0.00 (this decreased the net income)
LAURUSLABS.NS,2024-06-30,2025-06-30,Q2_Normalized EBITDA: -0.01 (this decreased the net income),Q1_Tax Provision: -0.00 (this decreased the net income),Q2_Gross_Profit_Margin: -0.00 (this decreased the net income),Q1_EBITDA: -0.00 (this decreased the net income),Q2_Total Revenue: -0.00 (this decreased the net income)
LEMONTREE.NS,2024-06-30,2025-06-30,Q2_Normalized EBITDA: +0.01 (this increased the net income),Q1_Tax Provision: +0.01 (this increased the net income),Q2_Operating Income: +0.01 (this increased the net income),Q2_Total Revenue: +0.00 (this increased the net income),Q4_Operating Revenue: -0.00 (this decreased the net income)
LTIM.NS,2024-06-30,2025-06-30,Q2_Diluted Average Shares: +0.00 (this increased the net income),Q1_Interest Expense: +0.00 (this increased the net income),Q1_Diluted Average Shares: -0.00 (this decreased the net income),Q2_Normalized EBITDA: -0.00 (this decreased the net income),Q1_EBITDA: -0.00 (this decreased the net income)
LTTS.NS,2024-06-30,2025-06-30,Q2_Operating Income: +0.00 (this increased the net income),Q2_Normalized EBITDA: +0.00 (this increased the net income),Q2_Gross_Profit_Margin: -0.00 (this decreased the net income),Q4_Gross Profit: +0.00 (this increased the net income),Q4_Reconciled Depreciation: +0.00 (this increased the net income)
LUPIN.NS,2024-06-30,2025-06-30,Q1_Interest Expense: -0.05 (this decreased the net income),Q2_Normalized EBITDA: +0.05 (this increased the net income),Q1_EBITDA: +0.03 (this increased the net income),Q3_EBITDA: +0.03 (this increased the net income),Q2_Operating Income: +0.03 (this increased the net income)
M&M.NS,2024-06-30,2025-06-30,Q2_Operating_Margin: +0.04 (this increased the net income),Q3_Revenue_Growth_QoQ: +0.03 (this increased the net income),Q4_Net_Profit_Margin: -0.02 (this decreased the net income),Q2_Expense_Ratio: -0.02 (this decreased the net income),Q4_EBITDA_Margin: +0.01 (this increased the net income)
MAHLIFE.NS,2024-06-30,2025-06-30,Q1_Interest Expense: +0.00 (this increased the net income),Q2_Gross_Profit_Margin: -0.00 (this decreased the net income),Q1_Gross_Profit_Margin: +0.00 (this increased the net income),Q2_Diluted Average Shares: +0.00 (this increased the net income),Q1_Diluted Average Shares: -0.00 (this decreased the net income)
MANKIND.NS,2024-06-30,2025-06-30,Q2_Normalized EBITDA: -0.01 (this decreased the net income),Q2_Gross_Profit_Margin: -0.00 (this decreased the net income),Q2_Diluted Average Shares: +0.00 (this increased the net income),Q1_Tax Provision: -0.00 (this decreased the net income),Q1_EBITDA: -0.00 (this decreased the net income)
MAPMYINDIA.NS,2024-06-30,2025-06-30,Q1_Interest Expense: +0.00 (this increased the net income),Q2_Normalized EBITDA: -0.00 (this decreased the net income),Q3_EBITDA: -0.00 (this decreased the net income),Q2_Diluted Average Shares: -0.00 (this decreased the net income),Q4_EBITDA: -0.00 (this decreased the net income)
MARICO.NS,2024-06-30,2025-06-30,Q2_Normalized EBITDA: +0.04 (this increased the net income),Q4_Operating Revenue: -0.03 (this decreased the net income),Q1_Tax Provision: +0.03 (this increased the net income),Q1_EBITDA: +0.02 (this increased the net income),Q4_EBITDA: +0.02 (this increased the net income)
MARUTI.NS,2024-06-30,2025-06-30,Q2_Gross_Profit_Margin: -0.00 (this decreased the net income),Q1_Gross_Profit_Margin: +0.00 (this increased the net income),Q1_Interest Expense: +0.00 (this increased the net income),Q2_Normalized EBITDA: -0.00 (this decreased the net income),Q3_Gross_Profit_Margin: +0.00 (this increased the net income)
MAXHEALTH.NS,2024-06-30,2025-06-30,Q1_Interest Expense: +0.00 (this increased the net income),Q2_Gross_Profit_Margin: +0.00 (this increased the net income),Q2_Diluted Average Shares: +0.00 (this increased the net income),Q4_EBITDA: -0.00 (this decreased the net income),Q4_Reconciled Depreciation: -0.00 (this decreased the net income)
MAZDOCK.NS,2024-06-30,2025-06-30,Q2_Normalized EBITDA: -0.00 (this decreased the net income),Q2_Gross_Profit_Margin: -0.00 (this decreased the net income),Q1_EBITDA: -0.00 (this decreased the net income),Q1_Interest Expense: +0.00 (this increased the net income),Q4_EBITDA: -0.00 (this decreased the net income)
MEDANTA.NS,2024-06-30,2025-06-30,Q2_Normalized EBITDA: -0.01 (this decreased the net income),Q2_Diluted Average Shares: +0.00 (this increased the net income),Q2_Gross_Profit_Margin: -0.00 (this decreased the net income),Q1_Tax Provision: -0.00 (this decreased the net income),Q1_EBITDA: -0.00 (this decreased the net income)
METROPOLIS.NS,2024-06-30,2025-06-30,Q2_Diluted Average Shares: +0.00 (this increased the net income),Q1_Interest Expense: +0.00 (this increased the net income),Q2_Normalized EBITDA: -0.00 (this decreased the net income),Q1_Diluted Average Shares: -0.00 (this decreased the net income),Q4_Gross_Profit_Growth_QoQ: -0.00 (this decreased the net income)
MGL.NS,2024-06-30,2025-06-30,Q2_Diluted Average Shares: -0.04 (this decreased the net income),Q3_Diluted Average Shares: -0.04 (this decreased the net income),Q2_Normalized EBITDA: +0.02 (this increased the net income),Q3_Operating Expense: -0.02 (this decreased the net income),Q4_Gross Profit: +0.02 (this increased the net income)
MOTHERSON.NS,2024-06-30,2025-06-30,Q4_Gross_Profit_Growth_QoQ: -0.01 (this decreased the net income),Q2_Diluted Average Shares: +0.00 (this increased the net income),Q1_Diluted Average Shares: -0.00 (this decreased the net income),Q1_Interest Expense: +0.00 (this increased the net income),Q4_Gross Profit: -0.00 (this decreased the net income)
MPHASIS.NS,2024-06-30,2025-06-30,Q3_Diluted EPS: +0.05 (this increased the net income),Q4_Diluted EPS: +0.05 (this increased the net income),Q1_Diluted EPS: -0.04 (this decreased the net income),Q2_Diluted EPS: -0.01 (this decreased the net income),Q2_Diluted Average Shares: +0.00 (this increased the net income)
MRF.NS,2024-06-30,2025-06-30,Q4_Gross_Profit_Growth_QoQ: +0.01 (this increased the net income),Q2_Gross_Profit_Margin: -0.01 (this decreased the net income),Q1_Gross_Profit_Margin: +0.00 (this increased the net income),Q1_Interest Expense: +0.00 (this increased the net income),Q2_Diluted Average Shares: +0.00 (this increased the net income)
NATCOPHARM.NS,2024-06-30,2025-06-30,Q4_EBITDA: +0.01 (this increased the net income),Q3_Operating Income: +0.01 (this increased the net income),Q3_EBIT: +0.01 (this increased the net income),Q4_EBIT: +0.01 (this increased the net income),Q4_Normalized EBITDA: +0.01 (this increased the net income)
NATIONALUM.NS,2024-06-30,2025-06-30,Q2_Normalized EBITDA: -0.01 (this decreased the net income),Q2_Diluted Average Shares: +0.00 (this increased the net income),Q1_EBITDA: -0.00 (this decreased the net income),Q1_Tax Provision: -0.00 (this decreased the net income),Q4_EBITDA: -0.00 (this decreased the net income)
NAVINFLUOR.NS,2024-06-30,2025-06-30,Q2_Normalized EBITDA: -0.01 (this decreased the net income),Q2_Diluted Average Shares: +0.00 (this increased the net income),Q1_EBITDA: -0.00 (this decreased the net income),Q4_EBITDA: -0.00 (this decreased the net income),Q1_Tax Provision: -0.00 (this decreased the net income)
NAZARA.NS,2024-06-30,2025-06-30,Q2_Diluted Average Shares: -0.01 (this decreased the net income),Q4_Gross_Profit_Growth_QoQ: -0.01 (this decreased the net income),Q2_Gross_Profit_Margin: +0.01 (this increased the net income),Q1_Diluted Average Shares: +0.01 (this increased the net income),Q2_Normalized EBITDA: -0.00 (this decreased the net income)
NBCC.NS,2024-06-30,2025-06-30,Q2_Diluted Average Shares: -0.00 (this decreased the net income),Q1_Diluted Average Shares: +0.00 (this increased the net income),Q2_Operating Income: +0.00 (this increased the net income),Q1_Interest Expense: +0.00 (this increased the net income),Q1_Tax Provision: +0.00 (this increased the net income)
NESTLEIND.NS,2024-06-30,2025-06-30,Q3_EBIT: -0.01 (this decreased the net income),Q3_EBITDA: -0.01 (this decreased the net income),Q2_Normalized EBITDA: -0.01 (this decreased the net income),Q2_Operating Income: -0.00 (this decreased the net income),Q1_EBITDA: -0.00 (this decreased the net income)
NETWORK18.NS,2024-06-30,2025-06-30,Q3_Diluted EPS: +0.01 (this increased the net income),Q2_Normalized EBITDA: -0.01 (this decreased the net income),Q2_Diluted Average Shares: +0.00 (this increased the net income),Q1_Interest Expense: +0.00 (this increased the net income),Q4_EBITDA: -0.00 (this decreased the net income)
NEULANDLAB.NS,2024-06-30,2025-06-30,Q2_Normalized EBITDA: -0.01 (this decreased the net income),Q1_EBITDA: -0.00 (this decreased the net income),Q1_Tax Provision: -0.00 (this decreased the net income),Q1_Interest Expense: +0.00 (this increased the net income),Q4_EBITDA: -0.00 (this decreased the net income)
NEWGEN.NS,2024-06-30,2025-06-30,Q2_Diluted Average Shares: -0.04 (this decreased the net income),Q1_Diluted Average Shares: +0.02 (this increased the net income),Q4_Interest Expense: +0.02 (this increased the net income),Q4_EBITDA: +0.01 (this increased the net income),Q2_Normalized EBITDA: +0.01 (this increased the net income)
NHPC.NS,2024-06-30,2025-06-30,Q2_Diluted Average Shares: -0.03 (this decreased the net income),Q1_Diluted Average Shares: +0.02 (this increased the net income),Q3_Diluted Average Shares: -0.02 (this decreased the net income),Q1_Tax Provision: +0.01 (this increased the net income),Q3_EBITDA: +0.01 (this increased the net income)
NMDC.NS,2024-06-30,2025-06-30,Q2_Normalized EBITDA: +0.07 (this increased the net income),Q1_Interest Expense: -0.07 (this decreased the net income),Q1_EBITDA: +0.06 (this increased the net income),Q3_Normalized EBITDA: +0.06 (this increased the net income),Q3_EBITDA: +0.06 (this increased the net income)
NTPC.NS,2024-06-30,2025-06-30,Q2_Gross_Profit_Margin: -0.00 (this decreased the net income),Q3_Operating_Margin: -0.00 (this decreased the net income),Q4_Operating Revenue: +0.00 (this increased the net income),Q2_Total Revenue: -0.00 (this decreased the net income),Q2_Operating_Margin: -0.00 (this decreased the net income)
OBEROIRLTY.NS,2024-06-30,2025-06-30,Q3_Diluted EPS: +0.00 (this increased the net income),Q2_Diluted Average Shares: +0.00 (this increased the net income),Q1_Interest Expense: +0.00 (this increased the net income),Q4_Gross_Profit_Growth_QoQ: +0.00 (this increased the net income),Q4_Diluted EPS: +0.00 (this increased the net income)
OFSS.NS,2024-06-30,2025-06-30,Q3_Diluted EPS: +0.02 (this increased the net income),Q4_Diluted EPS: +0.01 (this increased the net income),Q2_Diluted Average Shares: +0.00 (this increased the net income),Q2_Normalized EBITDA: -0.00 (this decreased the net income),Q1_Interest Expense: +0.00 (this increased the net income)
PAGEIND.NS,2024-06-30,2025-06-30,Q2_Gross_Profit_Margin: +0.01 (this increased the net income),Q4_Operating Revenue: -0.00 (this decreased the net income),Q2_Total Revenue: +0.00 (this increased the net income),Q1_Gross_Profit_Margin: -0.00 (this decreased the net income),Q4_Cost Of Revenue: -0.00 (this decreased the net income)
PATANJALI.NS,2024-06-30,2025-06-30,Q4_Gross_Profit_Growth_QoQ: +0.02 (this increased the net income),Q2_Normalized EBITDA: -0.01 (this decreased the net income),Q1_EBITDA: -0.01 (this decreased the net income),Q2_Operating Income: -0.01 (this decreased the net income),Q1_Gross_Profit_Margin: -0.01 (this decreased the net income)
PAYTM.NS,2024-06-30,2025-06-30,Q2_Gross_Profit_Margin: +0.00 (this increased the net income),Q2_Diluted Average Shares: +0.00 (this increased the net income),Q1_Interest Expense: +0.00 (this increased the net income),Q2_Normalized EBITDA: -0.00 (this decreased the net income),Q1_Diluted Average Shares: -0.00 (this decreased the net income)
PERSISTENT.NS,2024-06-30,2025-06-30,Q2_Normalized EBITDA: -0.00 (this decreased the net income),Q2_Diluted Average Shares: +0.00 (this increased the net income),Q1_EBITDA: -0.00 (this decreased the net income),Q1_Interest Expense: +0.00 (this increased the net income),Q2_Total Revenue: -0.00 (this decreased the net income)
PFIZER.NS,2024-06-30,2025-06-30,Q2_Gross_Profit_Margin: -0.01 (this decreased the net income),Q1_Gross_Profit_Margin: +0.00 (this increased the net income),Q3_Gross_Profit_Margin: +0.00 (this increased the net income),Q2_Diluted Average Shares: +0.00 (this increased the net income),Q2_Normalized EBITDA: -0.00 (this decreased the net income)
PHOENIXLTD.NS,2024-06-30,2025-06-30,Q1_Interest Expense: +0.00 (this increased the net income),Q2_Diluted Average Shares: +0.00 (this increased the net income),Q1_Diluted Average Shares: -0.00 (this decreased the net income),Q2_Interest Expense: +0.00 (this increased the net income),Q2_Operating Income: +0.00 (this increased the net income)
PIDILITIND.NS,2024-06-30,2025-06-30,Q2_Diluted Average Shares: +0.00 (this increased the net income),Q1_Interest Expense: +0.00 (this increased the net income),Q1_Diluted Average Shares: -0.00 (this decreased the net income),Q4_Operating Revenue: +0.00 (this increased the net income),Q3_EBITDA: -0.00 (this decreased the net income)
PIIND.NS,2024-06-30,2025-06-30,Q4_Gross_Profit_Growth_QoQ: -0.01 (this decreased the net income),Q2_Normalized EBITDA: -0.00 (this decreased the net income),Q2_Diluted Average Shares: +0.00 (this increased the net income),Q4_Operating_Margin: -0.00 (this decreased the net income),Q4_Gross Profit: -0.00 (this decreased the net income)
PNCINFRA.NS,2024-06-30,2025-06-30,Q2_Gross_Profit_Margin: +0.00 (this increased the net income),Q2_Diluted Average Shares: +0.00 (this increased the net income),Q1_Diluted Average Shares: -0.00 (this decreased the net income),Q1_Gross_Profit_Margin: -0.00 (this decreased the net income),Q1_Interest Expense: +0.00 (this increased the net income)
POLYCAB.NS,2024-06-30,2025-06-30,Q2_Normalized EBITDA: -0.01 (this decreased the net income),Q2_Diluted Average Shares: +0.00 (this increased the net income),Q1_EBITDA: -0.00 (this decreased the net income),Q1_Interest Expense: +0.00 (this increased the net income),Q4_EBITDA: -0.00 (this decreased the net income)
POLYMED.NS,2024-06-30,2025-06-30,Q1_Interest Expense: -0.01 (this decreased the net income),Q1_Gross_Profit_Margin: +0.00 (this increased the net income),Q3_Gross_Profit_Margin: +0.00 (this increased the net income),Q2_Diluted Average Shares: +0.00 (this increased the net income),Q4_Operating Revenue: +0.00 (this increased the net income)
PRESTIGE.NS,2024-06-30,2025-06-30,Q2_Normalized EBITDA: -0.01 (this decreased the net income),Q4_EBITDA: -0.00 (this decreased the net income),Q1_EBITDA: -0.00 (this decreased the net income),Q1_Tax Provision: -0.00 (this decreased the net income),Q2_Diluted Average Shares: +0.00 (this increased the net income)
PRINCEPIPE.NS,2024-06-30,2025-06-30,Q1_Tax Provision: -0.01 (this decreased the net income),Q2_Diluted Average Shares: +0.00 (this increased the net income),Q1_Expense_Ratio: +0.00 (this increased the net income),Q1_EBITDA: -0.00 (this decreased the net income),Q1_Diluted Average Shares: -0.00 (this decreased the net income)
PVRINOX.NS,2024-06-30,2025-06-30,Q4_Net_Income_Growth_QoQ: +0.02 (this increased the net income),Q2_Normalized EBITDA: -0.01 (this decreased the net income),Q2_Diluted Average Shares: +0.00 (this increased the net income),Q1_EBITDA: -0.00 (this decreased the net income),Q3_EBITDA: -0.00 (this decreased the net income)
QUICKHEAL.NS,2024-06-30,2025-06-30,Q2_Normalized EBITDA: -0.00 (this decreased the net income),Q2_Diluted Average Shares: +0.00 (this increased the net income),Q1_EBITDA: -0.00 (this decreased the net income),Q1_Tax Provision: -0.00 (this decreased the net income),Q4_EBITDA: -0.00 (this decreased the net income)
RADICO.NS,2024-06-30,2025-06-30,Q2_Gross_Profit_Margin: -0.01 (this decreased the net income),Q2_Normalized EBITDA: -0.01 (this decreased the net income),Q1_Gross_Profit_Margin: +0.00 (this increased the net income),Q2_Diluted Average Shares: +0.00 (this increased the net income),Q4_EBITDA: -0.00 (this decreased the net income)
RAINBOW.NS,2024-06-30,2025-06-30,Q2_Gross_Profit_Margin: -0.00 (this decreased the net income),Q1_Tax Provision: -0.00 (this decreased the net income),Q2_Normalized EBITDA: -0.00 (this decreased the net income),Q2_Diluted Average Shares: +0.00 (this increased the net income),Q1_EBITDA: -0.00 (this decreased the net income)
RAMCOCEM.NS,2024-06-30,2025-06-30,Q2_Normalized EBITDA: -0.01 (this decreased the net income),Q2_Diluted Average Shares: +0.00 (this increased the net income),Q1_Tax Provision: -0.00 (this decreased the net income),Q1_EBITDA: -0.00 (this decreased the net income),Q4_EBITDA: -0.00 (this decreased the net income)
RATEGAIN.NS,2024-06-30,2025-06-30,Q2_Normalized EBITDA: -0.00 (this decreased the net income),Q2_Diluted Average Shares: +0.00 (this increased the net income),Q1_Tax Provision: -0.00 (this decreased the net income),Q1_EBITDA: -0.00 (this decreased the net income),Q1_Interest Expense: +0.00 (this increased the net income)
RATNAMANI.NS,2024-06-30,2025-06-30,Q2_Normalized EBITDA: -0.01 (this decreased the net income),Q4_EBITDA: -0.00 (this decreased the net income),Q1_EBITDA: -0.00 (this decreased the net income),Q1_Interest Expense: +0.00 (this increased the net income),Q1_Tax Provision: -0.00 (this decreased the net income)
RELAXO.NS,2024-06-30,2025-06-30,Q2_Normalized EBITDA: -0.00 (this decreased the net income),Q2_Gross_Profit_Margin: +0.00 (this increased the net income),Q4_EBITDA: -0.00 (this decreased the net income),Q2_Diluted Average Shares: +0.00 (this increased the net income),Q1_EBITDA: -0.00 (this decreased the net income)
ROUTE.NS,2024-06-30,2025-06-30,Q2_Gross_Profit_Margin: +0.01 (this increased the net income),Q2_Diluted Average Shares: -0.01 (this decreased the net income),Q1_Gross_Profit_Margin: -0.00 (this decreased the net income),Q4_Gross_Profit_Growth_QoQ: +0.00 (this increased the net income),Q1_Diluted Average Shares: +0.00 (this increased the net income)
RVNL.NS,2024-06-30,2025-06-30,Q2_Normalized EBITDA: +0.02 (this increased the net income),Q4_Reconciled Depreciation: +0.02 (this increased the net income),Q4_Operating Revenue: -0.02 (this decreased the net income),Q2_Diluted Average Shares: -0.01 (this decreased the net income),Q2_Total Revenue: +0.01 (this increased the net income)
SAIL.NS,2024-06-30,2025-06-30,Q4_Gross_Profit_Growth_QoQ: -0.01 (this decreased the net income),Q2_Normalized EBITDA: -0.00 (this decreased the net income),Q2_Diluted Average Shares: +0.00 (this increased the net income),Q4_EBITDA: -0.00 (this decreased the net income),Q1_Tax Provision: -0.00 (this decreased the net income)
SANSERA.NS,2024-06-30,2025-06-30,Q2_Normalized EBITDA: -0.01 (this decreased the net income),Q1_Tax Provision: -0.00 (this decreased the net income),Q1_EBITDA: -0.00 (this decreased the net income),Q4_EBITDA: -0.00 (this decreased the net income),Q4_Effective_Tax_Rate: +0.00 (this increased the net income)
SAPPHIRE.NS,2024-06-30,2025-06-30,Q2_Normalized EBITDA: -0.01 (this decreased the net income),Q1_Gross_Profit_Margin: +0.00 (this increased the net income),Q1_EBITDA: -0.00 (this decreased the net income),Q4_EBITDA: -0.00 (this decreased the net income),Q1_Tax Provision: -0.00 (this decreased the net income)
SAREGAMA.NS,2024-06-30,2025-06-30,Q4_Gross_Profit_Growth_QoQ: +0.01 (this increased the net income),Q2_Diluted Average Shares: +0.00 (this increased the net income),Q1_Interest Expense: +0.00 (this increased the net income),Q2_Normalized EBITDA: -0.00 (this decreased the net income),Q1_EBITDA: -0.00 (this decreased the net income)
SCHAEFFLER.NS,2024-06-30,2025-06-30,Q4_Reconciled Depreciation: +0.01 (this increased the net income),Q4_Diluted EPS: +0.01 (this increased the net income),Q2_Effective_Tax_Rate: -0.01 (this decreased the net income),Q2_Reconciled Depreciation: +0.00 (this increased the net income),Q3_Diluted EPS: +0.00 (this increased the net income)
SHREECEM.NS,2024-06-30,2025-06-30,Q1_Interest Expense: +0.00 (this increased the net income),Q2_Gross_Profit_Margin: +0.00 (this increased the net income),Q2_Total Revenue: +0.00 (this increased the net income),Q2_Diluted Average Shares: +0.00 (this increased the net income),Q2_Operating Income: +0.00 (this increased the net income)
SIEMENS.NS,2024-06-30,2025-06-30,Q2_Diluted Average Shares: -0.01 (this decreased the net income),Q1_Diluted Average Shares: +0.01 (this increased the net income),Q2_Gross_Profit_Margin: -0.01 (this decreased the net income),Q1_Gross_Profit_Margin: +0.01 (this increased the net income),Q3_Gross_Profit_Margin: +0.00 (this increased the net income)
SJVN.NS,2024-06-30,2025-06-30,Q2_Normalized EBITDA: -0.01 (this decreased the net income),Q2_Diluted Average Shares: +0.00 (this increased the net income),Q1_Interest Expense: +0.00 (this increased the net income),Q3_EBITDA: -0.00 (this decreased the net income),Q1_EBITDA: -0.00 (this decreased the net income)
SKFINDIA.NS,2024-06-30,2025-06-30,Q2_Normalized EBITDA: -0.01 (this decreased the net income),Q1_EBITDA: -0.00 (this decreased the net income),Q1_Tax Provision: -0.00 (this decreased the net income),Q4_EBITDA: -0.00 (this decreased the net income),Q2_Diluted Average Shares: +0.00 (this increased the net income)
SOBHA.NS,2024-06-30,2025-06-30,Q2_Diluted Average Shares: +0.00 (this increased the net income),Q1_Interest Expense: +0.00 (this increased the net income),Q2_Normalized EBITDA: -0.00 (this decreased the net income),Q1_Diluted Average Shares: -0.00 (this decreased the net income),Q1_EBITDA: -0.00 (this decreased the net income)
SOLARINDS.NS,2024-06-30,2025-06-30,Q4_Gross_Profit_Growth_QoQ: -0.00 (this decreased the net income),Q2_Normalized EBITDA: -0.00 (this decreased the net income),Q1_Interest Expense: +0.00 (this increased the net income),Q1_EBITDA: -0.00 (this decreased the net income),Q4_EBITDA: -0.00 (this decreased the net income)
SONACOMS.NS,2024-06-30,2025-06-30,Q2_Gross_Profit_Margin: +0.00 (this increased the net income),Q2_Normalized EBITDA: -0.00 (this decreased the net income),Q1_Gross_Profit_Margin: -0.00 (this decreased the net income),Q1_Tax Provision: -0.00 (this decreased the net income),Q1_EBITDA: -0.00 (this decreased the net income)
SONATSOFTW.NS,2024-06-30,2025-06-30,Q2_Diluted Average Shares: +0.00 (this increased the net income),Q2_Normalized EBITDA: -0.00 (this decreased the net income),Q1_Diluted Average Shares: -0.00 (this decreased the net income),Q3_EBITDA: -0.00 (this decreased the net income),Q4_Gross_Profit_Growth_QoQ: +0.00 (this increased the net income)
SRF.NS,2024-06-30,2025-06-30,Q1_Diluted EPS: -0.01 (this decreased the net income),Q1_Net_Profit_Margin: +0.00 (this increased the net income),Q2_Normalized EBITDA: -0.00 (this decreased the net income),Q2_Diluted Average Shares: +0.00 (this increased the net income),Q1_Tax Provision: -0.00 (this decreased the net income)
STAR.NS,2024-06-30,2025-06-30,Q2_Normalized EBITDA: -0.00 (this decreased the net income),Q1_Interest Expense: +0.00 (this increased the net income),Q4_EBITDA: -0.00 (this decreased the net income),Q1_EBITDA: -0.00 (this decreased the net income),Q3_EBITDA: -0.00 (this decreased the net income)
SUMICHEM.NS,2024-06-30,2025-06-30,Q2_Normalized EBITDA: +0.03 (this increased the net income),Q2_Operating Income: +0.02 (this increased the net income),Q1_EBITDA: +0.01 (this increased the net income),Q3_Operating Income: +0.01 (this increased the net income),Q3_EBIT: +0.01 (this increased the net income)
SUNPHARMA.NS,2024-06-30,2025-06-30,Q2_Normalized EBITDA: -0.01 (this decreased the net income),Q1_EBITDA: -0.00 (this decreased the net income),Q1_Tax Provision: -0.00 (this decreased the net income),Q3_EBITDA: -0.00 (this decreased the net income),Q2_Diluted Average Shares: +0.00 (this increased the net income)
SUNTECK.NS,2024-06-30,2025-06-30,Q2_Gross_Profit_Margin: -0.01 (this decreased the net income),Q4_Gross_Profit_Growth_QoQ: -0.01 (this decreased the net income),Q1_Gross_Profit_Margin: +0.00 (this increased the net income),Q3_Gross_Profit_Margin: +0.00 (this increased the net income),Q1_Interest Expense: +0.00 (this increased the net income)
SUNTV.NS,2024-06-30,2025-06-30,Q2_Diluted Average Shares: +0.00 (this increased the net income),Q2_Normalized EBITDA: -0.00 (this decreased the net income),Q1_Interest Expense: +0.00 (this increased the net income),Q1_Diluted Average Shares: -0.00 (this decreased the net income),Q3_EBITDA: -0.00 (this decreased the net income)
SUPREMEIND.NS,2024-06-30,2025-06-30,Q2_Normalized EBITDA: -0.00 (this decreased the net income),Q2_Gross_Profit_Margin: -0.00 (this decreased the net income),Q1_Tax Provision: -0.00 (this decreased the net income),Q1_Interest Expense: +0.00 (this increased the net income),Q1_EBITDA: -0.00 (this decreased the net income)
SYNGENE.NS,2024-06-30,2025-06-30,Q2_Normalized EBITDA: -0.00 (this decreased the net income),Q2_Gross_Profit_Margin: +0.00 (this increased the net income),Q2_Diluted Average Shares: +0.00 (this increased the net income),Q4_EBITDA: -0.00 (this decreased the net income),Q1_Interest Expense: +0.00 (this increased the net income)
TANLA.NS,2024-06-30,2025-06-30,Q2_Gross_Profit_Margin: -0.00 (this decreased the net income),Q3_Gross_Profit_Margin: +0.00 (this increased the net income),Q2_Diluted Average Shares: +0.00 (this increased the net income),Q4_EBITDA: -0.00 (this decreased the net income),Q3_EBIT: -0.00 (this decreased the net income)
TATACHEM.NS,2024-06-30,2025-06-30,Q3_EBITDA: -0.00 (this decreased the net income),Q2_Normalized EBITDA: -0.00 (this decreased the net income),Q3_EBIT: -0.00 (this decreased the net income),Q3_Normalized EBITDA: -0.00 (this decreased the net income),Q4_Other Operating Expenses: +0.00 (this increased the net income)
TATACONSUM.NS,2024-06-30,2025-06-30,Q2_Normalized EBITDA: -0.00 (this decreased the net income),Q2_Diluted Average Shares: +0.00 (this increased the net income),Q1_Interest Expense: +0.00 (this increased the net income),Q1_EBITDA: -0.00 (this decreased the net income),Q4_EBITDA: -0.00 (this decreased the net income)
TATAELXSI.NS,2024-06-30,2025-06-30,Q2_Normalized EBITDA: +0.08 (this increased the net income),Q4_Total Revenue: -0.07 (this decreased the net income),Q3_Operating Revenue: +0.07 (this increased the net income),Q1_Tax Provision: +0.07 (this increased the net income),Q1_EBITDA: +0.07 (this increased the net income)
TATAMOTORS.NS,2024-06-30,2025-06-30,Q2_Normalized EBITDA: +0.03 (this increased the net income),Q1_Interest Expense: -0.02 (this decreased the net income),Q2_Operating Income: +0.01 (this increased the net income),Q1_EBITDA: +0.01 (this increased the net income),Q4_Reconciled Depreciation: +0.01 (this increased the net income)
TATAPOWER.NS,2024-06-30,2025-06-30,Q2_Normalized EBITDA: +0.04 (this increased the net income),Q1_Interest Expense: -0.04 (this decreased the net income),Q1_Tax Provision: +0.03 (this increased the net income),Q2_Total Revenue: +0.03 (this increased the net income),Q3_Diluted Average Shares: -0.03 (this decreased the net income)
TATASTEEL.NS,2024-06-30,2025-06-30,Q1_Tax Provision: +0.15 (this increased the net income),Q2_Normalized EBITDA: +0.10 (this increased the net income),Q1_EBITDA: +0.09 (this increased the net income),Q3_Normalized EBITDA: +0.09 (this increased the net income),Q2_Operating Income: +0.09 (this increased the net income)
TCS.NS,2024-06-30,2025-06-30,Q2_Normalized EBITDA: +0.01 (this increased the net income),Q2_Total Revenue: +0.01 (this increased the net income),Q4_Operating Revenue: -0.01 (this decreased the net income),Q4_Cost Of Revenue: -0.01 (this decreased the net income),Q2_Operating Income: +0.00 (this increased the net income)
TECHM.NS,2024-06-30,2025-06-30,Q2_Diluted Average Shares: +0.00 (this increased the net income),Q2_Normalized EBITDA: -0.00 (this decreased the net income),Q1_EBITDA: -0.00 (this decreased the net income),Q1_Diluted Average Shares: -0.00 (this decreased the net income),Q3_EBITDA: -0.00 (this decreased the net income)
THERMAX.NS,2024-06-30,2025-06-30,Q2_Diluted Average Shares: +0.00 (this increased the net income),Q1_Interest Expense: +0.00 (this increased the net income),Q2_Gross_Profit_Margin: +0.00 (this increased the net income),Q2_Normalized EBITDA: -0.00 (this decreased the net income),Q1_Diluted Average Shares: -0.00 (this decreased the net income)
TIINDIA.NS,2024-06-30,2025-06-30,Q2_Normalized EBITDA: -0.00 (this decreased the net income),Q2_Diluted Average Shares: +0.00 (this increased the net income),Q1_Interest Expense: +0.00 (this increased the net income),Q1_EBITDA: -0.00 (this decreased the net income),Q3_EBITDA: -0.00 (this decreased the net income)
TIMKEN.NS,2024-06-30,2025-06-30,Q4_Operating Revenue: -0.01 (this decreased the net income),Q3_Operating Revenue: +0.01 (this increased the net income),Q2_Total Revenue: +0.01 (this increased the net income),Q4_Total Revenue: -0.01 (this decreased the net income),Q4_Gross Profit: +0.01 (this increased the net income)
TITAN.NS,2024-06-30,2025-06-30,Q2_Gross_Profit_Margin: -0.00 (this decreased the net income),Q1_Gross_Profit_Margin: +0.00 (this increased the net income),Q2_Diluted Average Shares: +0.00 (this increased the net income),Q3_Gross_Profit_Margin: +0.00 (this increased the net income),Q1_Diluted Average Shares: -0.00 (this decreased the net income)
TORNTPHARM.NS,2024-06-30,2025-06-30,Q4_Gross_Profit_Growth_QoQ: -0.00 (this decreased the net income),Q1_EBITDA: +0.00 (this increased the net income),Q4_Tax Provision: -0.00 (this decreased the net income),Q1_Tax Provision: +0.00 (this increased the net income),Q2_Gross_Profit_Margin: +0.00 (this increased the net income)
TORNTPOWER.NS,2024-06-30,2025-06-30,Q1_Interest Expense: +0.00 (this increased the net income),Q2_Diluted Average Shares: +0.00 (this increased the net income),Q1_Diluted Average Shares: -0.00 (this decreased the net income),Q4_Gross_Profit_Growth_QoQ: -0.00 (this decreased the net income),Q3_Normalized EBITDA: -0.00 (this decreased the net income)
TRENT.NS,2024-06-30,2025-06-30,Q2_Normalized EBITDA: -0.01 (this decreased the net income),Q2_Diluted Average Shares: +0.00 (this increased the net income),Q1_EBITDA: -0.00 (this decreased the net income),Q1_Tax Provision: -0.00 (this decreased the net income),Q4_EBITDA: -0.00 (this decreased the net income)
TTKPRESTIG.NS,2024-06-30,2025-06-30,Q4_Gross_Profit_Growth_QoQ: -0.01 (this decreased the net income),Q1_Interest Expense: -0.01 (this decreased the net income),Q2_Total Revenue: +0.01 (this increased the net income),Q4_Gross Profit: -0.01 (this decreased the net income),Q2_Operating Income: +0.01 (this increased the net income)
TVSMOTOR.NS,2024-06-30,2025-06-30,Q2_Normalized EBITDA: -0.00 (this decreased the net income),Q1_Interest Expense: +0.00 (this increased the net income),Q4_EBITDA: -0.00 (this decreased the net income),Q2_Diluted Average Shares: +0.00 (this increased the net income),Q3_EBITDA: -0.00 (this decreased the net income)
UBL.NS,2024-06-30,2025-06-30,Q4_Gross Profit: +0.02 (this increased the net income),Q2_Gross Profit: +0.02 (this increased the net income),Q4_Reconciled Depreciation: +0.02 (this increased the net income),Q4_Operating Revenue: -0.01 (this decreased the net income),Q4_EBITDA: +0.01 (this increased the net income)
ULTRACEMCO.NS,2024-06-30,2025-06-30,Q1_Interest Expense: +0.00 (this increased the net income),Q1_Tax Provision: -0.00 (this decreased the net income),Q2_Normalized EBITDA: -0.00 (this decreased the net income),Q2_Gross_Profit_Margin: +0.00 (this increased the net income),Q1_EBITDA: -0.00 (this decreased the net income)
UNOMINDA.NS,2024-06-30,2025-06-30,Q1_Interest Expense: -0.02 (this decreased the net income),Q2_Interest Expense: -0.01 (this decreased the net income),Q4_Operating Revenue: -0.01 (this decreased the net income),Q4_Gross Profit: +0.01 (this increased the net income),Q4_EBITDA: +0.01 (this increased the net income)
UPL.NS,2024-06-30,2025-06-30,Q2_Normalized EBITDA: -0.00 (this decreased the net income),Q2_Diluted Average Shares: +0.00 (this increased the net income),Q1_Interest Expense: +0.00 (this increased the net income),Q4_EBITDA: -0.00 (this decreased the net income),Q2_Total Revenue: -0.00 (this decreased the net income)
UTIAMC.NS,2024-06-30,2025-06-30,Q2_Diluted Average Shares: -0.01 (this decreased the net income),Q4_Gross_Profit_Growth_QoQ: +0.01 (this increased the net income),Q1_Diluted Average Shares: +0.01 (this increased the net income),Q1_Tax Provision: +0.01 (this increased the net income),Q1_EBITDA: +0.00 (this increased the net income)
VBL.NS,2024-06-30,2025-06-30,Q2_Normalized EBITDA: -0.01 (this decreased the net income),Q2_Gross_Profit_Margin: -0.01 (this decreased the net income),Q1_Gross_Profit_Margin: +0.00 (this increased the net income),Q4_EBITDA: -0.00 (this decreased the net income),Q2_Diluted Average Shares: +0.00 (this increased the net income)
VIJAYA.NS,2024-06-30,2025-06-30,Q2_Normalized EBITDA: -0.01 (this decreased the net income),Q2_Diluted Average Shares: +0.00 (this increased the net income),Q1_Interest Expense: +0.00 (this increased the net income),Q1_EBITDA: -0.00 (this decreased the net income),Q3_EBITDA: -0.00 (this decreased the net income)
VINATIORGA.NS,2024-06-30,2025-06-30,Q2_Normalized EBITDA: -0.01 (this decreased the net income),Q2_Diluted Average Shares: +0.00 (this increased the net income),Q1_Tax Provision: -0.00 (this decreased the net income),Q1_EBITDA: -0.00 (this decreased the net income),Q2_Operating Income: -0.00 (this decreased the net income)
VMART.NS,2024-06-30,2025-06-30,Q4_Gross_Profit_Growth_QoQ: -0.00 (this decreased the net income),Q2_Diluted Average Shares: +0.00 (this increased the net income),Q1_Tax Provision: -0.00 (this decreased the net income),Q1_Diluted Average Shares: -0.00 (this decreased the net income),Q2_Normalized EBITDA: -0.00 (this decreased the net income)
WELCORP.NS,2024-06-30,2025-06-30,Q2_Normalized EBITDA: -0.01 (this decreased the net income),Q1_Tax Provision: -0.00 (this decreased the net income),Q1_EBITDA: -0.00 (this decreased the net income),Q2_Diluted Average Shares: +0.00 (this increased the net income),Q4_EBITDA: -0.00 (this decreased the net income)
WESTLIFE.NS,2024-06-30,2025-06-30,Q2_Normalized EBITDA: -0.01 (this decreased the net income),Q2_Diluted Average Shares: +0.00 (this increased the net income),Q4_EBITDA: -0.00 (this decreased the net income),Q1_EBITDA: -0.00 (this decreased the net income),Q1_Interest Expense: +0.00 (this increased the net income)
WHIRLPOOL.NS,2024-06-30,2025-06-30,Q4_Effective_Tax_Rate: +0.01 (this increased the net income),Q2_Normalized EBITDA: -0.01 (this decreased the net income),Q1_Effective_Tax_Rate: -0.00 (this decreased the net income),Q2_Diluted Average Shares: +0.00 (this increased the net income),Q1_Tax Provision: -0.00 (this decreased the net income)
WOCKPHARMA.NS,2024-06-30,2025-06-30,Q2_Normalized EBITDA: -0.00 (this decreased the net income),Q1_Interest Expense: +0.00 (this increased the net income),Q1_EBITDA: -0.00 (this decreased the net income),Q1_Tax Provision: -0.00 (this decreased the net income),Q3_EBITDA: -0.00 (this decreased the net income)
ZEEL.NS,2024-06-30,2025-06-30,Q4_Gross_Profit_Growth_QoQ: +0.01 (this increased the net income),Q2_Normalized EBITDA: -0.00 (this decreased the net income),Q2_Gross_Profit_Margin: +0.00 (this increased the net income),Q1_Interest Expense: +0.00 (this increased the net income),Q1_EBITDA: -0.00 (this decreased the net income)
